pt,NB,model
0.2,0.25,RF
0.3,0.1766233766233766,RF
0.4,0.13939393939393935,RF
0.5,0.1090909090909091,RF
0.6,-0.009090909090909038,RF
0.2,0.25,Surrogate
0.3,0.09610389610389608,Surrogate
0.4,0.048484848484848464,Surrogate
0.5,-0.018181818181818188,Surrogate
0.6,-0.11818181818181817,Surrogate
