,precision,recall,f1-score,support,roc_auc,balanced_accuracy
0.0,1.0,0.9411764705882353,0.9696969696969697,34.0,1.0,0.9705882352941176
1.0,0.9166666666666666,1.0,0.9565217391304348,22.0,1.0,0.9705882352941176
accuracy,0.9642857142857143,0.9642857142857143,0.9642857142857143,0.9642857142857143,1.0,0.9705882352941176
macro avg,0.9583333333333333,0.9705882352941176,0.9631093544137023,56.0,1.0,0.9705882352941176
weighted avg,0.9672619047619048,0.9642857142857143,0.9645209862601166,56.0,1.0,0.9705882352941176
