,precision,recall,f1-score,support,roc_auc,balanced_accuracy
0.0,1.0,0.9705882352941176,0.9850746268656716,34.0,1.0,0.9852941176470589
1.0,0.9565217391304348,1.0,0.9777777777777777,22.0,1.0,0.9852941176470589
accuracy,0.9821428571428571,0.9821428571428571,0.9821428571428571,0.9821428571428571,1.0,0.9852941176470589
macro avg,0.9782608695652174,0.9852941176470589,0.9814262023217246,56.0,1.0,0.9852941176470589
weighted avg,0.982919254658385,0.9821428571428571,0.9822080075811418,56.0,1.0,0.9852941176470589
