Method,KendallW,Median Spearman
RF,0.9592727272727273,0.9636363636363636
SHAP,0.8572121212121212,0.8424242424242424
