leaf,n,rf_pos,true_pos,p_sur_mean,rule
6,1,1.0,1.0,1.0,MSE ML <= 1.722 AND Gait Speed > 1.395 AND MSE V <= 1.325
11,4,1.0,1.0,1.0,MSE ML > 1.722 AND Weigth <= 162.500 AND MSE ML > 1.813
12,4,1.0,0.75,0.6787330316742083,MSE ML > 1.722 AND Weigth > 162.500
4,8,0.875,0.5,0.6408094435075885,MSE ML <= 1.722 AND Gait Speed <= 1.395 AND MSE V > 1.551
3,35,0.22857142857142856,0.2857142857142857,0.20326063942409459,MSE ML <= 1.722 AND Gait Speed <= 1.395 AND MSE V <= 1.551
7,1,1.0,0.0,1.0,MSE ML <= 1.722 AND Gait Speed > 1.395 AND MSE V > 1.325
10,2,1.0,0.0,0.9028727770177839,MSE ML > 1.722 AND Weigth <= 162.500 AND MSE ML <= 1.813
