leaf,n,event,p_real,p_rf_mean,p_rf_sd,p_real_l,p_real_u
8,2,0,0.0,0.4601951971639472,0.061962292035915134,0.0,0.6576280471103807
3,35,10,0.2857142857142857,0.33638073979591837,0.16354199604195988,0.16326363398295565,0.45055248069821086
4,8,4,0.5,0.5914731063207626,0.16611641502312582,0.21521252682444186,0.7847874731755582
5,2,1,0.5,0.6343631854256856,0.16332017520361825,0.09452865480086614,0.9054713451991339
10,4,3,0.75,0.6797036557192806,0.08480807548734005,0.3006360524426366,0.9544139373553637
9,4,4,1.0,0.7557734799922297,0.1167936877725179,0.5100999795960008,1.0
