{
  "ROC_AUC": 0.7300275482093664,
  "PR_AUC": 0.7322134139771026,
  "Brier": 0.19822319359511,
  "threshold_metrics": {
    "thr_green": {
      "thr": 0.26,
      "precision": 0.42857142857142855,
      "recall": 0.8181818181818182,
      "f1": 0.5625,
      "brier": 0.19822319359511
    },
    "thr_yellow": {
      "thr": 0.4,
      "precision": 0.5555555555555556,
      "recall": 0.6818181818181818,
      "f1": 0.6122448979591836,
      "brier": 0.19822319359511
    },
    "thr_orange": {
      "thr": 0.5,
      "precision": 0.5833333333333334,
      "recall": 0.6363636363636364,
      "f1": 0.6086956521739131,
      "brier": 0.19822319359511
    }
  }
}